PC1,PC2,PC3,PC4,PC5,PC6,PC7,PC8,PC9,PC10,PC11,PC12,PC13,PC14,PC15,PC16,PC17,PC18,PC19,PC20,PC21,PC22,PC23,PC24,PC25,PC26,PC27,PC28,PC29,PC30,PC31,PC32,PC33,PC34,PC35,PC36
2180.7056559924704,-84.86627089220326,-1052.305503871405,-211.43940468138493,-299.9472495966898,750.5316294503866,911.4818586270311,-441.90036428993557,18.998204624507025,404.2451984973155,1339.5399778314281,77.22368696363881,-144.49373922548767,-256.0872193973488,203.0204494827683,-311.06567472949973,-151.41319437127703,296.66882309167966,75.11881784195117,10.112388584247215,-30.449417912766215,180.82485574346106,-47.003781444346075,57.55348052728219,-382.2107498161704,-337.3049369674951,127.69372551758433,-430.14796367077025,348.2436728357491,-16.071236077459634,154.10789358350792,-102.27306857209761,-67.86892704563631,-137.46069555036797,-44.65663236430191,104.18134852919836
-672.4990786631593,1653.9111386225657,938.3372350452753,813.3102822187407,-82.69433184989303,-232.09925076810828,126.18456540570885,143.51758298992385,341.1100448464846,-402.90400474436217,288.7323186347014,-958.151770085816,1847.5508952028001,-686.207780388397,-931.3765621131977,-384.8231446640668,-133.88183123379972,803.705076166868,1044.5044814252808,518.1910283250323,-340.99204275234126,-12.535259387258927,409.91666961803355,205.1775022536466,151.04614811532596,-67.08674930516861,-132.16440891074146,157.19963093122522,226.15001386918632,-18.611762825455713,-34.5663614580494,-106.44934620026392,154.12112289814635,253.41169305940844,157.67984130763915,106.37906367422123
-98.98973504876591,1302.0767019768687,664.2639882072256,962.9371596268496,7.171713017838356,-287.7798310158985,-95.00547321372497,-271.6326370229775,128.62492634962913,-523.7237223998915,562.5245365699266,-158.03980320286982,242.74864405468165,-172.77984657512417,-805.5537285200039,-84.80591662975017,-284.5034736220655,44.78541101092501,-220.09002871127322,347.6979144714106,361.9123972681866,109.36329704198539,121.69110014205047,307.20169046804136,534.2382259370922,789.2348090357488,358.4524880823086,363.52783826970585,-479.1859451513311,1106.1200128859057,506.9493304495647,663.8671711218898,-503.4620077220085,372.9651792447882,-515.7135969211424,988.9602831989122
2277.1386608979765,448.90757258865074,518.1700292519826,-1742.6287269983034,-650.9766101534129,-626.9385762037682,-1427.371633575744,763.2860409570529,-66.18127960203786,-1555.8600478078192,562.2153087948415,-308.91450310978047,-350.88292641837666,-735.2955637035989,200.11976464782458,-774.6797047596533,-184.27944477357133,360.2955176804289,60.92736258860795,-167.04121165157989,80.61548383770224,21.51871120849597,109.71700017504622,-505.66924227342423,90.31342531278338,-359.04381983925924,-635.7065632295784,-337.9178637550613,-163.3244158837294,-24.471377622734725,328.2380775080036,-500.0421814567778,409.42779270929327,-157.04272848219026,99.27283667331709,82.34029137715049
-437.6784557023103,177.54669123546762,-381.9826199933839,-495.4553985444138,-1541.0708451987139,-282.22819609054056,-455.1914987105501,530.6263005607888,-225.6367413461122,-877.1458846890756,582.9999353121643,-317.2697392609232,-62.35180440396624,332.0134605208559,-841.4770788609927,467.5948454158618,526.0590944269823,-313.2523490301964,-462.380705107933,356.50870559442706,513.2125268467319,-196.0964198986326,3.4823073012892394,-135.32466299745428,78.00453083769833,-15.90580939682339,-319.5758211008644,145.23762531730029,-78.0023623258577,-182.58141487820225,-35.77551405463317,-160.8926795240555,213.99583848316635,-522.2491198147491,117.24754708696813,67.29579336222916
280.8643211940639,-654.8840232686815,-1250.507204623293,179.08222800514943,-771.69556733218,481.03525144625075,960.8308014803142,-964.6115635988886,55.697000025803966,258.3408270691902,542.5731045178642,-287.57779026292764,149.25896817766534,127.24052271971686,129.46922598032256,-132.6827572338555,170.56718285013005,-85.45556897927776,-220.55417745444637,126.33151702648995,249.08323010833226,265.8432602700075,-63.3291948084223,-64.56864854965723,216.84769684502993,253.70128908915652,46.23778519204006,76.08710840981253,-76.94788463947275,142.9015203042794,242.84814353666488,-176.7256616402053,13.77135766045694,29.124415840139743,-73.36934366457339,-112.25817394524898
-1424.5388776367952,-621.416206978959,-882.6231655429953,1427.4465229786922,-606.551705553223,-688.4606094718159,-541.4401109901434,-703.2523949170462,-546.1110522749699,-242.92195743978635,-569.7997285594981,228.3857000530895,-501.57040610310474,-209.18902059498686,-182.16319430301783,-190.22917756010966,-148.29655786889887,-104.94329317041807,618.5017336591682,-425.77695971152804,-194.15863679492614,-457.87544654899114,313.6940147940145,47.28122210071507,-41.0603008850986,-266.1410153709525,128.84889600837766,-373.75342377335437,322.2238314795099,-514.5905690272934,-244.90244638238417,218.07574490755326,98.41820194030616,23.520546434096133,-378.5460424083484,-198.25191433704893
2675.982111691626,-471.79259892378576,-1675.0924520543983,-13.310197546893,327.1131841298325,297.5799134077132,779.7290826105029,-792.7652004361336,344.7491791013397,-170.97983076046265,1742.2749824060922,-257.614553988707,-33.45919135439127,332.9848919796169,265.5946231757581,-221.02882873059934,-79.24065700981485,-252.60676989334624,-278.65537626259027,287.4221170147412,280.9321846465189,305.8846950784876,140.5792541040062,72.44601643933868,8.196901542291789,181.10321530882814,46.588785029256115,-130.05083330050957,119.72793242075497,8.749221325083209,96.68271665266293,-176.3777846416307,-21.81805324043599,258.2994827137732,-75.92649846991317,-253.91560511687655
-1109.5967517764716,1709.1296659746572,1332.3903708145208,1243.9105596715856,-181.59852660855205,-280.194075158673,356.9375315164049,3.7223442839990466,197.69584867333882,-553.3095732929431,49.28169142832991,-1016.3917827890868,1785.7412064092127,-276.1222832856309,-542.6577530795547,297.1058313064459,-894.3562624425534,-53.050111271251815,-712.6536854341849,-1114.396227543082,-29.252412160601075,603.2940689692385,-145.44528342788936,198.18069440577617,-606.6601525758697,-190.68949423074383,852.814881908394,161.7564744575432,187.4681195700498,-383.0734830938509,45.37916377971471,-491.18913191761595,-226.7074613923091,-147.5378472676691,-258.1054197665017,-379.3578966138851
-1087.1573058555764,1408.0698947467042,826.5160963064591,899.7472573168126,-222.81548098155997,-265.54372388442357,181.3078231334447,178.895113412619,276.86916165896133,-490.7816442036873,375.29716858606093,-949.4142318612478,2120.9780966747385,-729.043230065915,-959.1600500612707,-268.24556984625906,-97.38324032206621,690.4323637902212,840.7273002633688,479.04429609316236,-375.9648712180287,74.52975428350997,309.7784556330707,243.25434952110595,15.350627915652407,-64.0656854612722,52.57613257874062,124.99997320979907,215.6458276715835,-138.68201701516642,18.798371255614605,-32.47589268283932,85.64127864038709,2.797593455224325,239.32837359409436,-102.9135309802639
-960.0213044465964,1548.0772675280027,927.2769684943261,921.8251184113681,-401.31702538565435,-131.20728464519092,521.5840396918891,-147.0612281771891,255.52916673390095,-137.20764121147596,154.2440540599851,-911.9540784347441,2127.476748244183,-722.6971804091776,-861.5028193665637,-489.70499591849943,-191.15364808154513,671.603967672793,446.5976321619624,928.4977237990802,-236.0131756426974,-196.9417659064807,399.378068822395,288.0201514169691,63.785046043951766,-163.10348285702526,-48.490582906417885,69.8459052272868,148.14861967450204,-143.6784706696388,25.910101771560903,51.28494456594444,28.115821307191528,-39.7717851979338,113.43513508819686,-160.5523264741321
971.4435562178037,-439.6226929446195,-1438.3568981298163,1484.606087752515,-48.95274984609257,579.5609106675473,534.0049735283603,2441.0069287530005,448.9025802247107,-553.1904085801102,-929.1014596798644,-461.3383573419693,-243.90268667645486,780.5579977142141,601.6922256889791,-1205.3689212347638,203.984298453244,-277.16150320341893,561.9555995914412,-419.53811764075857,447.2468676574258,129.51632796359684,847.7143540675299,660.5571790148116,-772.9214749912893,-806.252693892254,-521.2277402469605,-369.4551520306242,157.88987326950362,518.8042423543305,1600.4993199280577,-47.74353308466828,-898.9975435880962,-687.4408119937112,88.18811721097421,200.63815657308598
837.5580800021546,655.9412763811808,114.95257037871897,-179.8277780664098,-896.7096798217323,741.7644453297163,1055.230562915929,-608.3497884165108,-299.5718286576384,1012.6669858329572,70.20749671572521,385.1137884862266,-299.0377354677922,-388.4316494160227,-173.20488378690126,-556.0096401805803,-164.29523110390983,316.68212081108055,127.36916893334822,115.19537784112015,239.701132385401,219.63822242828724,-54.62380501628871,-173.66427435731273,317.8339922093573,-43.60619662460814,-103.16375749849554,-109.71520612221333,45.187903687278364,-19.859586876092173,212.16629726401146,0.6760900650644922,130.62920395401719,-192.82217829888597,-224.69821599891077,-85.79195131988278
105.63752521645903,-348.6234542110278,-776.8956028304902,-161.3709450647748,-1262.009483012414,565.8017815265421,738.5648877193211,-814.2952581074424,-171.81388585335725,829.9439507643475,-231.8925268026925,-101.57367425013601,291.27344517442737,40.76636772619407,80.54778033077682,-193.3650745157761,128.36104582094643,-89.05305189950556,-38.869119268305184,-55.386696524207125,155.0332672116099,98.93900479618941,-315.54599800500375,-34.92930816533974,290.19768738376354,153.7440005204425,218.82839311100372,-17.578205616623233,-82.1124873145135,-67.54432292980051,93.57284628533544,14.108266472674904,6.570844046087229,-107.87765245530042,-81.62366864387523,-100.65885049431694
-1067.3010119468454,-91.47439964720603,-256.9434214335888,1179.990763488467,-141.10604414110713,-976.4866502515787,-788.0903515490987,-73.47195332235019,-258.2356713558366,-25.064787785444175,409.4486608049588,1021.4650842798728,325.9637198773016,-265.7055678418063,-11.21211311060185,-821.0626212894487,-41.00780759930881,66.77621515020638,-149.98950169716073,52.363435285082986,1267.9612505804025,234.34106040221982,-764.9370928531079,-554.0017756502845,-743.0026431444631,1.518512734108665,286.40481814811596,-340.73009967638,22.516859015759337,309.9225150631517,67.10222415527195,196.54277376092276,1001.5317233286275,1112.3472288277885,402.8274622319336,-657.8300660304479
558.4999191304445,-641.8201334998777,-1014.8026818569708,2436.383388037815,1062.0753732800915,-1587.259342925973,-1555.289868074186,-1064.4078505514692,-560.1710621259376,-98.77240856113612,-407.9176794355354,1366.4570641690432,-103.69457018210565,-172.0286835180777,-531.0610106539219,-707.1811622034569,37.00399922182058,326.3576100101576,131.421331025415,212.15174642193728,569.5585436397186,186.39146398495893,-516.9254138309964,-276.2309542941613,-428.09206267267353,-219.22247229611574,450.86123235709414,-446.80824124193776,25.699341142225958,-185.9935665665276,199.83661357168853,29.45495084172888,-30.182412193816106,191.3400821434795,238.77934256892954,243.48346608774276
1024.0677900266985,-404.5268859633935,-705.5036137645163,2165.9306465443096,1352.6228694931365,-1575.4004238919936,-1553.1362584509895,-705.944871276314,-403.6716470720183,116.30796814133289,-321.76513144405146,1453.548681724921,379.93948198266116,-200.04165309166925,-355.7444616366796,-582.2961278340166,144.8901578264732,261.4030565355872,-172.90970698403044,547.7539583742423,607.7226299080501,463.3083111681721,-992.1956044741755,-187.87035367116277,-478.5103580297296,-37.47049569841078,274.78808068856046,-193.83869091687592,-140.1300632708405,-157.75461142244959,552.8521691468806,-197.8068042120436,-300.7461541553812,-398.8627160530472,259.05271039089683,820.9844461030447
429.25115318277983,577.2106302176945,-210.3874920023774,57.09925829833367,-1063.852107305425,538.4574150800682,565.8062977617276,923.3544390477274,-22.42966682423237,165.65959080946865,-358.97554100715985,-126.58469838580737,-100.25749601269958,510.537370414019,-142.1337182801156,-638.1478144006832,459.8310710344503,-141.54882709289302,731.8288264819817,-176.62748978054563,891.7722372127813,-150.74395904252967,-457.34421132345136,-37.07028032754361,327.8623594263177,277.32894863013763,546.3022179511971,292.6809965219953,-153.84544246418258,-448.87645636687984,-717.6498438975277,396.4385324620327,176.5589035904221,-421.0664853194813,-276.80184202955024,448.2422792913539
1804.5289329719146,19.847432699663564,-1138.6090383755475,-20.746057324199487,-671.9802015088457,355.6200388117553,38.61284137684519,1185.4160412063438,64.17184653545566,-489.64518078487976,26.09222287507161,-592.9734086528854,181.60240621929756,1038.3516479453192,-105.55876574651315,-814.0699744215802,322.2160566201257,-566.2857780556177,357.71991786957403,-112.31141978377931,1189.7179718234065,-734.9877737261052,-97.02290423193159,-36.19067026545835,-194.60359352861258,278.28063633467144,676.9813943723757,785.8657936604455,-22.931610066330055,-608.3908689048494,-541.5107899531538,222.87161068999043,-184.94270646831393,-444.10296651769306,477.14712712701066,233.21953600065612
-1119.6256484483279,-907.0739922163466,-1184.6134122797423,1075.6940139108146,-919.5436903276703,-7.159446010745078,99.18843250154586,-891.2125524295534,-413.10933797149573,-213.8471098525805,-527.1595980593806,-468.0138188047705,-276.0985589949004,-52.004280977319624,67.16650814120989,242.08953568428058,36.94466923462154,-26.149672594413552,377.2036412888906,-512.9875880107173,-439.5643819179698,-382.4768034218169,201.79927069959948,32.72969182244242,-109.09355086575334,-119.86607708912041,-146.53389437296457,64.77202865695007,7.417736160494183,-74.12566420145284,-23.52999291050347,-5.320335003646472,58.39469402660277,-9.66693732895251,47.454908670141705,31.385658348564792
3355.5912602971775,-4.100137958981489,-1044.8398594824716,-1643.3256955691716,-719.8923186791455,-538.2558323477442,-1321.5333197083157,-493.4575228004625,-309.9279157941037,-272.43811996370306,-1183.3895068811726,-1049.5196109143847,204.72910347360718,-463.210180396059,681.0379583566109,20.51078366314274,114.64336626633732,214.03110836653107,-88.81172271707929,-233.60069148828646,222.43044869894214,39.69159442765766,161.33512966899934,-253.3869967004529,-225.32153770217693,127.70373711354901,-69.83212377114184,298.20551953618957,-72.6737149844764,113.82636900441257,-76.1765971132011,-308.32160236746074,83.82937772436209,90.8191110322269,102.7609633970456,-47.2669918754454
374.2812744761128,-947.9392389320149,-1446.0331782971264,1778.759759556317,312.6624869247155,-768.7871460852372,-691.0551822655976,-963.8019224181029,-154.83899043526492,-752.0220477972382,-103.18772339459882,-64.77231685685051,-441.6541939435478,-23.50175134248149,-250.93143918236882,-96.56561848490598,-116.0292813192809,-157.72826252241904,153.6183824181666,-71.8824148796106,184.99545428369203,-262.0788395922065,444.4388562809551,163.27976625480886,246.3714830009697,8.516102117231814,56.318089065297826,54.230430272812534,-15.924902049327995,98.0551083713035,57.93770889376865,68.20538668094777,88.07583341017623,132.00812862018424,-13.173270641246273,-278.9905179158644
827.4799174743591,1068.0656658068015,237.58621223615333,-850.4761624518762,-1515.915519189619,251.9718529967787,503.30300105520666,-684.5208496945609,-488.46710047779175,1075.5409335257546,-914.1280105130173,186.70895859324943,-184.49444982656314,86.75414413940238,-677.5720736894023,-572.0242647863249,79.6438744122808,198.11620293351965,-200.39855170774166,338.2609061444091,471.46449942440836,130.2465802686288,198.40476027867615,162.02585262913564,327.9922440200787,205.07848829246745,-83.05791777725476,-88.00043443598695,-186.1730027631928,324.12315661671784,85.84486625642164,-1.5536076155671683,-194.30513322086173,-205.2924359517646,-214.95835004503078,-352.2699625235439
-1763.2606562728968,757.8173407745704,627.2259220050821,817.8263716972725,-1068.718929394229,-48.62292946865964,511.0182766643332,-146.2802825388111,-45.8230221843671,13.040641276552451,-251.97328741533096,-77.13725789497099,-65.85034301176657,-66.94591493833873,836.3742517335003,-426.081618754035,-237.6349334588751,-423.68577265818,-798.0370583244932,1493.746605506652,-216.92721186324164,-847.4966687874686,46.021210483289686,67.82523325566804,-236.9751983971626,-247.64133257341186,-349.09104987063193,-229.00050361498603,-28.625661233610604,-110.53734608331509,-354.7593901763293,-214.1299338960711,22.45132064191438,234.87368428249508,-111.45098603787017,244.20565854766048
4018.421355712278,-349.0150135048288,-1864.4875179166338,619.6937141969539,487.0337369015492,780.5692818645762,248.0484252254917,1898.4557000366958,439.1464829631754,-466.0230497246077,-168.61601437764526,-659.6555509364307,435.6435430777356,1278.457556280551,22.780573899962338,-600.2826895066061,146.5004853569574,-641.6410908436949,249.67183562181566,77.5560084731969,1022.6167488840458,-681.1690070366978,28.73979256085802,107.69741705566172,-10.172449799397967,322.5336129170173,675.4061768864973,529.9073005132817,158.5226099732829,70.51602243321305,-416.3469176912466,539.7289969704616,242.9204945551137,414.65409205107875,266.51477788723344,-36.5691410567103
2088.923141790683,519.8632743981927,-355.6248648747319,-475.3560464435893,-430.08525808158595,566.4948273635595,539.230741967933,97.8388487412434,-149.77324158160803,419.3450902573206,1635.2832838056743,606.1790838701315,-655.2157104700987,-504.64783634815797,-143.51802726372335,-435.0584593310344,-311.86553324944185,99.16231230344496,153.79946436959008,152.32376256703498,-570.925862539984,-74.18408027037388,-135.271112479815,32.44519379162471,-385.58492658434307,-121.61351053587705,318.2114127725135,169.58151938962612,66.01353736641924,-588.644655906872,-267.1466003493857,-113.09930741823831,-414.0146917147735,-524.2190660349424,-536.6002263452381,-52.47750217217886
-1058.1590586370373,32.28183531791882,-269.7374431064294,-426.8749699846993,-1371.7234813871876,-428.9560439934243,-802.5233521132457,598.8081337688385,-138.67599751994666,-437.32766867931707,-83.46137735576505,-42.98105246182804,142.09040519287345,-440.5838151541351,862.3837513473528,-263.4102503320643,-730.0583226241409,-393.3173221228906,21.175335939660865,-26.88921414965611,-528.1923959499264,90.80423203262774,-561.0788528992806,-49.28729864247066,927.6220757068845,480.3853323649867,422.03364906315244,-102.3603721542818,-700.0659087807046,-256.93994958123926,314.41011421046295,134.26609053046158,-63.71881690810359,-328.2841902643905,125.97228734047803,-190.36360414716472
3442.7908954612635,-542.9064508088219,-1788.6248862692412,111.21567653336754,583.9400016795106,293.2915824348769,266.1703713551523,-454.75167840893357,149.16457218894334,-225.8126650904149,1683.1848014627196,-264.7367245811562,-115.18566405509152,77.19416927606757,306.18612219003484,227.9713073417252,-425.537752363372,-91.411140204214,-208.82524755542724,62.3604539746111,-467.99967667850194,11.219178803412678,50.25611790610051,224.36134462343688,-226.6593666478262,-121.41478048620753,153.4075748168293,-213.3064115000032,103.92570196675294,-83.48693400630741,-114.44853324176323,100.15003275781555,-201.57547445837247,147.42226055358748,181.72524541156304,56.71751186194522
424.25905679922386,-1050.6839969223006,-1508.2772748765697,1382.5089283691675,-39.964594144061074,-121.92124698953236,-16.742311183659886,-980.8269984718247,-175.2219751779694,-442.8191371341096,-65.53795045958044,-375.24079974095116,-220.0716555238726,-30.112776236103834,-10.987281464484596,232.07099927412585,-28.91004007364034,-102.94202051001915,54.03882580171926,-205.52610595726102,-147.61201490682654,-192.83883639211862,287.7817092567984,91.59105943160593,130.52251821262743,32.616190204260306,-148.58564676146108,150.02734978660843,-92.07050901275592,253.34150613702263,90.36092056697694,-56.776283751868235,9.564793495659973,82.28060133048693,135.57408694821237,-68.60401947621429
3327.0270026549256,61.47264134780578,-1028.5649803562546,-342.37805968628055,252.7872248730911,540.7467975032903,440.06439248365257,240.3780446218304,51.06732258657711,79.69493214734304,1898.3035571457929,236.3156179529932,-468.2994119033316,-278.4248562402222,62.21803941526921,-68.47398742944978,-512.9560947981288,68.95999078214925,-21.060951341349103,90.58731691923515,-389.2558572653694,203.15304992710028,123.16209580500988,86.58455620367128,-571.3725120857516,-446.3561107463438,110.36512966059776,-481.72451514439393,395.8201926034075,-114.5261273284876,-79.03387135135856,-161.99940280981383,-374.13323625453324,-57.22904388455503,35.61626333373975,273.38505406644947
-863.0261856905354,-2276.697059761034,1902.6820678296197,-998.4021190739384,299.1920429946731,465.9268473705954,469.16379479939576,-29.331784910209475,490.1494887634488,-766.5001297351013,-211.82084898676405,1018.5366047845025,260.12793715194675,-107.52271433660064,36.5533207735242,-317.2314086025201,24.88252092254542,-112.83388028974947,94.47991760052186,-357.0020889219216,-135.54585012704598,-187.76054075918216,336.56130986944873,-102.18800113502856,-12.956581280144642,-124.0697705920107,45.86932475599975,-152.95005371654418,246.2587711130944,-17.096329821827407,-89.81846522930277,-88.25458127956165,-82.61565610973427,166.72986492020817,-46.12120671041658,365.65607039060995
1713.5476594190634,3664.6793070984877,2894.8394887259915,1403.48207943922,970.8211332531035,-74.7798618995119,576.0724483464097,-515.245905794717,140.57235911757178,-785.9014708180212,-397.3044882485572,-830.2276529662662,-462.77070443469205,455.27419883156284,263.72099502321333,288.3290492829926,184.1459540838185,-87.25380800285843,-213.91474714071268,-648.8360874172216,345.6964058174657,-55.146187090366794,-299.7171891411245,-372.1424365000567,-32.710424384045474,111.69782486397746,67.63366719103794,-164.1782975379596,48.086091555049805,170.7702201975089,-177.9597176476899,-293.6260481374788,-96.675706696869,315.2110235183367,-262.8945682927937,426.66821315235376
942.9417848058965,2595.193349657828,2302.116437337792,1604.4130828495577,1046.1748515118556,-3.1860730652827964,679.7050036125679,-262.2548734650927,513.5650729808143,-904.2591828929358,44.21658761837915,-599.1703529858501,9.185289691677506,453.4884053062456,723.1968815857192,674.5710227165043,1459.9814554644593,-445.24954962520735,350.4718900759961,68.55374976972018,-75.1490952183655,620.1343549721313,-764.1360977422694,-217.38481713946462,335.87389088301444,-283.83822118142064,194.23657114353375,-1447.8043078509318,140.8056655558989,-414.83627019761514,-282.3945499963211,28.000987470457904,-619.2663677207362,-537.1237065684026,806.8935101060946,-860.7688509510845
-1368.287160795237,-2471.0884674661315,1532.0851087758624,-597.2785594880504,181.2164164924184,223.38589162875064,214.16389033437397,40.41530817739797,56.67397024676363,-358.4184964183778,-258.9481036390377,-473.5411400961643,-193.26726253151722,141.99113522521884,-190.23219855890932,157.01759238309432,-198.14206776319915,325.00065704464333,116.36834630705127,65.86965221486554,-0.905460698939217,-59.491710443949685,-435.4878448842729,-118.34155156890996,-567.3016124781398,-51.42980736361863,-437.7303527310659,49.1546233508998,-245.53061392053516,111.37214093206568,3.9621547548196605,232.6262578380148,91.91572944816191,-211.6524979016411,-263.32187655748953,-21.56736209672095
325.7476159598869,-2886.572419078921,1758.6475031219645,-682.1922011543278,1287.0600865646484,254.5913722240169,114.6652055666615,16.90402250862961,1022.2316831503927,-1912.660062639416,-33.90570875375962,1049.7860431134864,468.15400229415246,355.2853411809295,152.64671176381387,-377.63353052759123,208.429874687221,-413.42506458608744,-346.209311183179,243.79143890135282,895.1103493586763,385.6685942863002,1004.4141714342244,13.433934205883768,733.5958367266327,-67.40094443257999,-321.00874845692687,218.54316878112462,471.5536302144419,217.14983078490883,-318.1879905407098,-659.535577320155,890.877865535868,-665.6022327258198,-751.4270375512325,-773.0475974570651
-1834.8430357686702,-1900.0471908687452,1566.5860770976392,324.99431521723454,591.0002285439905,-782.3819278538996,-555.6564374675905,933.9556487519178,-1094.134279259138,2019.0685095130023,690.9716645877685,-1286.9049538728254,-619.7882722733508,-271.7109288882659,196.1686379696777,-99.1441427007701,559.5203391049638,-426.26154448017843,-70.73076107784745,-345.91496068724155,0.05283908773809144,-70.79959195115612,794.439739140525,191.4306717654115,943.5081207126742,-144.8561834402138,464.43717075889583,-263.0803394521118,647.4507418483976,-202.1536930536221,134.85133993538074,-634.0937819194113,315.0876724788071,251.410690934568,454.88076497124194,563.4479817640126
1864.7322077052816,-1673.834985205023,-549.8631403571663,25.266809566839928,351.5381712523451,705.591523636865,770.3928583899151,-748.3838528748862,364.6929056733241,-414.6845724385104,772.8833336757405,-55.87169954762058,229.2023910031763,248.73220621196114,254.92282763642805,-141.7965210083786,228.95959615549455,-315.6694510955758,-187.41916950562495,128.74602981476977,441.814481786388,337.29235865078385,282.16198218662873,43.01364351271691,284.8595679963243,145.77958348217751,-114.15308458705339,102.3162789581097,-28.178344285548004,263.58414235384635,31.818167608560984,-452.52297298946473,236.6476974952909,106.24761828591534,-222.00410587270284,-287.34940889022306
-1254.0267275189346,1397.7006441158446,1220.535929221278,964.5141017889237,-551.4589210441837,-151.13453931466967,371.68611471284413,-78.96346832268763,7.473338474649964,-524.6101364986736,-247.73323183201626,-449.61796169440487,56.40467224646527,163.87998245962748,74.32942618365054,383.9621570002229,-860.456101413863,-499.97080772305384,-1109.8534229729346,-1475.821851635903,124.56327793823729,507.97738039670617,-244.13044220788777,20.300084762278857,-469.45589897654673,34.711854013726466,754.126715923676,265.715469793805,100.45119508108594,-65.58241077007463,17.823432472846854,-610.8673451971325,-70.84438529705672,143.45107618418058,-518.5160616952317,21.248539801640764
1981.7422066475328,3595.8240379957006,2717.611690508604,1059.6165648767421,1010.6422673398763,-48.3173493313662,603.4989407937771,-370.68177816158675,307.7576470349392,-886.8972197297339,32.02531093906233,-645.4131583926549,-914.3262792811211,-9.048720488738828,374.7477611700481,205.91073423620475,1298.4049535911138,641.3973473535648,1121.2257409408235,-96.82048472174345,131.2947497533844,-102.35678105473582,-393.2191957000974,-820.4243743942363,641.1147712998585,432.41420278498475,-239.2324840461428,-586.2021967949605,-56.96088497012369,713.935158212298,-417.35050551288407,-148.18380910815154,-153.12852379992205,227.88798205046896,-656.7478529610444,481.9592173130281
-1578.5321399596337,-2681.555276530772,1916.006641671361,-245.90156730354823,800.4983550618119,-212.80706764915763,-117.67957600702036,579.5322168827536,-396.22020291124454,670.6572371182361,39.075738698129356,-1208.5360406842092,-741.962581442212,65.68893810021736,-139.7900751669281,150.3137844912448,-307.8603365502514,383.8858791224629,95.8370790444234,366.87951547901804,47.68366557370307,244.25240223033381,-261.4262263447005,227.72040896089328,-205.7984859790397,16.381867634552513,75.59275449445617,44.138216601185505,57.18724046479147,-28.749503434178425,59.960180822772514,243.15987211048622,-101.98425970760168,-64.79281900666243,-212.10650556130634,-195.4171250360739
-11.249930315029468,-358.07827664155946,1188.4243453823533,1328.238740652071,1442.8647040500655,-1405.9223627891797,-1197.5081284265748,694.9319141066342,-935.575289750795,2333.203123726801,1577.4369221085267,715.9275176984936,2325.722159640975,-532.2568314303518,722.1862181364792,-557.9400057216374,1387.1314948307931,-800.00706185531,-782.0200791868468,-1289.559805162514,-71.97825793937338,-854.5118120758332,311.2653913938872,-775.6378436637987,-351.337414753432,-64.45375859357321,-1007.0376046160178,195.80385278931743,-900.7047524375192,347.76214210974376,-335.4598694387175,606.8725247172914,-492.0173964911869,-332.1710874755424,-451.58110585184033,-422.2854493595813
1809.7797674939386,-755.6400804413269,-1342.9963831856219,558.0346876880103,216.3937041335543,144.8755614999836,82.12927163948525,-883.4165464295719,-28.00682026491322,-119.53791255243628,574.8234807720801,-351.19729844389997,163.89513016474092,309.5438911820292,121.57991674609274,371.5483388899574,-1.8193639792262828,-278.97375018131936,-101.68855506786537,69.33770816525939,-322.96266896543807,-55.81015115266381,-47.60338518339462,210.91269320677978,247.13140032782943,288.5418646610059,23.907782142443104,242.60090739483613,-222.64574937790886,176.25243880132123,19.452929231670577,24.91021924837941,-189.3480882563864,-37.07061215076639,176.46706191942795,-14.675394504536298
652.8557921757647,-1537.6073309815051,269.1198545913043,-512.2203401524525,-319.8755760187252,907.3954986971779,1007.1308367803833,-763.4977147873566,238.11438740427923,578.9344033441225,-558.7668137239585,513.6340387638868,618.79191034414,-588.7439791919784,240.07654668757402,630.3941375657212,59.53934809610611,48.30002074368842,-91.10014104667873,-41.50018831965377,293.24681309799547,67.17780730182443,-62.708105666244855,-13.34779650904765,155.19015946745208,-86.26770582184896,95.19587571065345,-100.6122026433288,313.56422957707315,-111.25494976262287,30.00707101523727,290.37261828864064,-133.31488052964716,-56.4394312449175,-80.34611109647868,265.8694258508611
-1997.1932248612593,-1353.1244171565259,1224.2121140892925,273.1740441954897,157.14255461120192,-675.4383687329353,-474.37147279715435,950.4165692931831,-865.8061205855877,1688.5078454158934,763.0686832384021,-950.8857428485026,-290.6312735634005,-293.20780445800034,330.83942048391793,-169.21416179092654,555.0591451557765,-492.5545401445886,-244.69839611227556,-353.1485885650604,117.4710760554597,-3.7437412613680205,631.1330136444643,58.02843371809448,871.765435821448,-60.58075944505622,229.29445564699662,-187.7896059784077,508.00203826909734,-16.17982395923167,115.6750344188897,-569.7807393655731,363.3495460985588,171.7950491871744,206.25763978123368,550.8191886271088
-794.6124921550232,-2719.6574003838864,1947.1703701874865,353.6567671916809,1528.1064788425706,-842.9470952782341,-775.9683573490308,450.0920121520502,-670.7066829211545,900.3821004093294,158.82389084873296,-869.5445228747961,-813.8699728410912,-142.45843642581366,-331.77789772922995,-293.7507177281603,-100.14928676967439,497.09822109306896,-177.1063978552589,539.9158064100208,566.0140190009649,514.1641972168533,-242.83960285957141,189.47736868104053,-120.71225150501525,4.517988082123601,333.3165727749406,-14.1018915150865,169.08979498028526,-14.143651217326404,184.93275541928284,26.672195626940372,-17.463283936693845,95.67855701043423,166.42447042708835,-282.81139736838713
1047.5572594912671,-2327.399408456409,1991.0703200344783,-1553.7069739784797,416.18156417284183,1099.955087247332,1243.0520446800472,-832.0810715962638,311.99967159098,307.99056796539907,-356.84951991211994,1286.3195815671975,436.9571937954588,120.08231899281616,-303.24598573199955,-470.3536541223427,256.98728930324353,-77.57584382535074,99.86002968781482,-211.92704702605684,-324.63024483575634,-228.28796161628372,215.93534950087272,-83.3871534599537,261.57759692381404,-59.06701146957745,434.8825572877049,-249.55583040747226,44.32486788902849,-297.37032841553844,231.36139076547852,-302.85838755098064,-264.66663128534833,269.21019930205557,642.1816510324833,161.37508701176574
-282.76439781695615,-2550.6225938863013,1495.5155554811927,-856.4920206019038,552.0020112218765,222.083281263705,159.01560475042956,16.450636924501197,155.3460733105668,-500.4992410588618,182.58422230040074,-188.0636240218637,-81.16228613062165,297.03357604077655,-207.37097711105918,-177.88636847703557,-245.97508630537857,57.63507538719268,90.91720606644188,74.01773779636676,8.538608160174471,-203.0677420091082,-277.69281701086686,-162.2484812266026,-417.8150222464849,102.16986824407913,-63.07445243216913,96.5039775922784,-436.9251911509521,-158.40806972599134,-145.18673823524847,29.947225269627175,-331.4194749173444,-3.6316963196255934,219.30294425960915,-119.7465821771726
-1042.1666152087603,-808.1145929084914,-1117.084028548113,1337.5844085742588,-836.0878548873499,-239.69427092545052,-109.74607577907386,-1005.3501860736369,-621.2446988383002,-298.071844324148,-761.4364691557547,-364.1744615644242,-551.4311236646327,-62.37183474350897,-132.58215287312618,158.08006324954226,119.83200247027479,18.25988834153694,716.3654337223206,-728.1045845305383,-470.8432912862017,-523.307226528727,370.765791174307,112.52710557913994,-213.769757043389,-425.8239863320675,-132.72916650534182,-250.89004024093606,210.9449542510487,-502.9218744034973,-209.40971185026257,220.31102224026802,73.64415039231048,-54.398083049486345,-18.10033425544326,-81.98879012344196
3570.2331182499634,-2557.886946067786,861.8387580903982,-2200.4806181517647,808.7450757946611,144.2932410838119,-799.6492243871762,-497.613353730025,533.2193569143365,-784.19309403332,-1019.6674767106967,-208.8409451770952,881.4073490383242,-1118.9624964205875,766.2023628811273,1110.8309033362875,333.3630314180376,276.9896387695173,-839.2223878470145,5.945443329686088,403.24775604291057,-232.42408513886969,86.5900742222139,298.7286298060105,57.26879647270869,-565.3198066287338,205.63565794971566,-242.52357457969092,922.3178949112466,-1.062431813103341,60.75673315244206,1531.1605380342728,100.0080969237071,-145.42981788365685,-463.30583928809756,441.4129713769708
339.62529348091493,-1013.9406822029043,-1128.398792448393,1704.6308547562476,535.0892758418057,-930.93389726309,-810.8447011282334,-1103.9504372248682,-315.5165592036237,-530.72175729439,-144.92354151388818,-84.61237498844062,-545.5002587664026,70.92541822175957,-135.95391532806215,-23.768995866254066,35.28093768297148,-99.24606360988207,257.9777902008517,7.276802051321993,15.74326600148946,-140.81869172941222,553.4065874681316,139.36175178117108,391.6655988209991,-32.36636477571567,195.88102525207182,-147.60782827965406,-52.033534200988825,201.24051474833533,-112.89598245537421,173.2470761903852,-108.59568183803742,101.68702045060206,-86.86942878716896,-477.71312838490456
-368.0900158090568,162.77263065694666,506.76216303109186,-82.16499820129823,-1345.3394081613053,934.1082194479653,1375.9863541912907,-1026.453436315415,-115.91165281457424,458.1071757098275,-433.10262944476165,373.85216313845376,245.93425213382017,170.2355726550916,-395.3646997660745,19.929850918892374,717.0303090872206,-317.3566956842026,-305.38182186321717,-382.43222260164515,319.7556529189428,844.0603759141628,-182.60364209872017,564.6287371483156,305.06603997358997,-190.61886778058803,186.51863229534175,-380.29467896098976,-91.59769469183225,-2.7854940399067774,268.9197169709723,46.55188901393362,66.24640832345415,-159.82647175335464,266.39181940508894,-229.66830380249766
-1590.84000726315,-2504.9729107574776,1833.0449254160708,-180.16160530125467,782.7555506707268,-359.2328126669284,-295.0019192407978,593.7399604412673,-358.61890029533197,564.7310241103331,53.23334399217974,-992.9539116343922,-581.9802316140198,-70.82162837363758,-127.26651269845513,39.00545079852197,-229.62137223047415,401.6097698905024,-77.77352548898186,384.1413529490746,336.9944070139096,317.06512783926786,-376.9480634980113,128.1675760099453,-205.8335558446465,2.740345465399106,-29.634776648271124,7.160452827802294,81.84282029822323,-50.73102692859557,24.8447666420177,229.6691525799966,-34.670891800447926,-159.4356434687518,-371.1900340935367,-182.3208055509302
-1194.5580145772717,1198.112386446201,901.1557475738692,638.9063804100238,-954.478241799348,-282.23193798511744,148.51300025118198,-276.7679647048508,50.914681560236446,-220.8662398499445,-713.0516635540072,-393.3138692378203,78.7099484176639,268.188372133363,1241.5091378043533,-480.84590823343035,248.9831812894129,-731.3441741204441,-855.6688312756982,1644.6495149081106,-154.01826487328992,-777.0569071564229,-157.0385577364519,291.06666144878443,-370.2733611819723,-108.94408837712906,8.31787548941478,-286.4794365757633,8.725115704310397,-194.97909476755564,-393.18933942913554,-484.33225681778856,-511.7536733898151,200.86670945651318,-176.41590412349254,46.42737530075794
232.13350711243797,1290.8414488201133,2378.4053057971505,406.7171886985862,245.05074903589477,-202.78783216094484,322.91606427507975,-31.88602804226341,0.6814405132593007,-492.968885356169,-66.2203384578892,834.0275751620376,-844.7680436911874,-825.6053642001516,916.2002753365972,-42.374282888690665,2400.0660875664903,-215.91012616890123,232.99352771131376,592.9674999701535,-1336.2228262637666,-63.464403312857605,46.16620549788936,653.9169151254816,-946.0496650864004,662.5224610068641,987.0068777937963,1699.0118142179995,197.29607496981245,-207.0668867294991,982.9839107250943,65.19700511782354,508.68176661972456,177.34249086433272,-78.71224042447045,-414.38003723752007
-1928.8298147340681,-2282.4604397640387,1879.7265820495486,-620.0632125402018,272.5117658580026,82.33092703181015,162.94066586798533,248.1562252292354,183.75025871212594,-293.662557336937,-127.76504867678868,-80.83810255449492,-171.16542027388766,326.39112353457216,-132.34396259697314,-138.95609927689168,-453.4807685475234,169.81149115113558,360.3866333848683,140.0539905627235,-170.4874420540289,-17.447097099252186,-359.5513796408599,-111.27355903877607,-505.95384898105357,79.406034365072,-110.87962341007666,32.61599114047483,-372.7510284649247,135.77063470837535,-71.079716387388,50.048902207853885,-178.0180168308614,36.29709473550041,-104.36508726985645,-78.37336398207228
691.6728072457182,-2573.6928404164396,1356.5823443034383,-1201.0401338484635,332.9752415427008,968.4260089704878,1012.6389166093559,-710.6961635334471,340.9978133415061,39.21415748650054,-177.02644799099136,414.0222791180104,264.45304387850246,50.171958981604135,-205.52957114423097,-266.2882575450125,9.947714731745119,147.97800703747228,171.67893913067607,-264.2072599603089,-183.79184244568117,-211.57485667760872,-147.57114388428226,-174.9484632409744,-159.63933541152846,-91.03790766617004,51.93601103455642,-190.9510288558892,-104.37114357016793,-79.64231480049267,8.922179862689298,-103.78907466037083,-199.8904039204182,359.6454099812015,308.4213265141056,123.29409902589775
2172.0021632037206,1124.8864960800558,447.5051787801983,-405.47833407629923,-187.54523965675472,426.36597393191556,516.1465301715978,63.82895322260993,-140.32034025699045,271.292053711034,1287.3096530074308,684.3912098227482,-1054.766537085999,-614.3187580792253,-253.7751128406021,-967.8619566811354,-79.923727367942,497.067580434883,633.1526960496943,-81.19880223741842,-127.46515893418983,-13.440725924935641,91.64356238947988,-287.851883839798,-322.19438507396876,-72.75618556100764,87.41217583769235,543.330025574257,17.14684881202917,-521.7898223243225,-401.5913678464611,-292.47218655170803,-120.99891045953132,-533.8374186781406,-711.1496653022255,87.03198613957301
3044.348841956239,646.7461768445575,1980.8994165251008,-2692.7694131687026,-84.24214703813968,-702.2542327795802,-1211.1396911324562,490.7305542066285,-353.3087026938526,-212.05928846285374,-565.5658120716406,832.6517771259487,-456.5398966542778,-126.49352941404254,-895.6742292555646,-428.6095055796716,-41.514785364210425,318.079023019161,-84.86777651157591,-642.0271596129227,-137.19446050962355,-305.6959414179354,608.0587497133092,128.17947730800682,161.7007021322194,197.11562448803804,74.70583147417885,223.6724975027861,-235.34671855253038,28.608828050263806,-469.288090884302,-331.58253650834894,-723.6512931870157,591.2876052129013,828.501349680252,-201.2126488302482
-1055.7781243603447,-1146.8563984400328,706.0262326995025,-741.8435446185217,-589.5006732376014,-285.6558765596314,-631.1553777226424,344.63135435237444,133.05209162526342,-745.3235637746021,-136.41279206971896,181.62394800148724,334.70351542483706,-403.64959211616406,770.1916698243073,-68.70584794630666,-560.0188406158544,-429.23193056080413,-183.5272537290419,29.033420766539788,-439.79232325063373,-23.64226816050051,-409.72054517720994,68.54278317155224,985.0740871985794,401.27031269770106,498.32285954063224,-139.5969248460915,-526.4269332442009,-237.99860085163814,509.819650747212,525.387439534293,-83.5971081418941,-422.921595935421,131.5038289153228,-11.737558818426576
364.96475861633473,-1094.103371949928,-1381.319814517069,1237.197034265445,-21.46478527502405,-165.04325613547118,-110.68129307700497,-919.3379846350269,-206.49371270726772,-429.4919806155356,-17.831324113948888,-406.5684607159807,-251.04402039839007,69.0922487925532,-1.3739134060302187,248.77785753360493,-100.35716231042451,-94.96576569028542,63.19695619251869,-173.60563517151917,-270.0326686061308,-256.6887840013469,306.7566222895626,140.80800502922133,160.55112264346639,76.00801112786021,-112.6770687137777,133.69135779988605,-110.6876527813721,177.6392283766852,17.984986595066278,73.0392034509799,2.3805352218286306,117.18879207820976,44.738679745836336,-122.46669324679156
-2010.8829721574857,997.8629842759237,-1851.4229505515902,-1860.6095995876153,1131.9373887887418,-1646.4719453713515,1465.8389367636612,71.09375083987817,360.0357166879991,34.1046122822309,-170.99860659729327,-221.8187539288224,-136.03516480573134,-122.47715627486116,-57.94099070417673,76.01803876082174,40.35067237977395,-134.33194703728046,-152.6151791040108,29.65931794540499,5.2455571138619,265.0501955171092,733.6626804450394,-277.3259831716955,-601.2030936952143,1247.6497508368177,-57.7080335841198,-641.895596245215,-107.29353562232218,-415.289817823972,-3.7732392383310334,215.57684497552546,73.74268310214596,-14.080625133291665,12.009994710140143,134.29778329375023
-2901.2283389748864,1154.9623675729079,-741.6682586282637,-283.50425512622735,823.3928262577462,2457.0980414695555,-1852.6998326892735,-123.73278662243047,348.51702632543015,218.38196826965807,102.78816912528437,-31.137493433938783,56.213380122475954,-74.31514779246919,-62.875711612911815,-47.72320630180887,21.55103225638826,-60.20699927052688,-29.62576886974322,69.66437748681778,27.200660745342343,165.74104650425352,379.5767689848777,-48.466888232837825,-317.5932741998893,683.9943714966123,-152.7092364453946,-351.6250876053056,-77.03046622463694,-408.7006869516948,29.871229372475906,37.52962899031752,165.2145213047479,-81.77403162094124,62.01425661350123,173.2928522383073
-2717.612935450914,1968.172175060458,-623.3249826550812,-542.8409893854514,1539.9495015623377,2713.5673084281475,-1678.093748022136,-316.58761838719516,-174.1899164330957,-16.34551151032528,-139.34542737117522,-104.92370673804453,-49.55219907825313,84.95183145059012,83.28408723654523,49.39794918400933,162.31064964810534,208.25773995606073,-165.74245734298395,11.8875179914648,95.07002201558298,10.053714474100982,147.71770891661797,22.62056384707054,-66.07033875640536,58.10059894745821,47.21187220776783,-47.79138486422294,11.801912090688157,65.26463641031597,23.47881312557185,0.8158432827906065,-118.60546051800324,-74.76934477075069,110.59388686039134,-217.58836318990743
-2838.8739038307835,1235.9333133921148,-845.242264189544,-378.3182056053828,1025.8974795537083,2591.1511458749146,-1904.8376435376424,-184.20353298318025,268.28691195801116,208.49205696258306,141.49083156377085,40.08103479286373,-103.7614394657618,-21.574466674422307,-113.60413324340729,-38.89690288931423,21.432860770084684,-132.2474151158946,8.376828994792936,85.60942942054538,3.884276783631439,49.543257537324095,194.12531811916844,1.8372899157526938,-144.34952049545586,428.8658081000338,-99.47767537289135,-210.91335688727585,-67.22453043174862,-240.93046480616493,25.516493697297413,102.479674384399,147.0795982691192,111.81657142161154,-66.37033332959282,319.38259223240595
135.3819097046629,-645.0448951672776,-1132.809169044987,181.77382191726818,-1385.646646801716,711.496836662722,750.2969241054867,-556.6742416950403,-234.3272677617608,96.13138469825398,27.16733844602471,-627.0876263473822,97.05991899658751,-77.61714327352483,-51.01790655426684,238.09637608979847,586.4203344016464,175.45386325734015,-186.63163937052832,-323.70691057314133,-76.46128061573408,-60.222783649765724,-548.0560204203956,-417.7682374018658,-443.7648839784469,-63.58156384810352,-637.3660162330422,184.35658732542012,-373.21242410557835,272.57470533488964,329.8993717473676,-476.19645166391666,802.5275253488281,-285.4617476369531,400.6743994387524,286.78375924155404
1823.1928374640954,691.7887921329286,-383.6433626195608,-1211.15072986048,-702.2975236330233,-759.3673130885478,-1493.1214262195238,668.3361390430737,29.765474011618462,-1000.8903604300934,771.8639462650622,-251.2064606027245,-226.6736384930615,-770.3447268637151,595.8842982877244,-410.1228554119174,-436.79683215255363,-22.211548557569376,-67.63132318037908,65.2590125793322,-146.7848137379586,164.54780713455818,-197.12771474697647,-146.30372858190938,112.27138888973879,-91.5694448483606,-14.445251713146332,-189.3959453214657,-85.75815032874534,105.73759635032344,132.6165848836309,-38.56265412797782,434.66772643496085,210.85673694655705,-72.79768378025429,-180.29413297672622
-2604.641746195659,1756.460456760217,-579.1875569674394,-530.2151248046592,1287.7138194244417,2045.3828975367499,-1105.2265462490002,-184.13199617585397,-449.6990102172583,-128.53420376863025,-215.1349010330049,-46.74821235164386,-71.35882633836101,168.5693021076265,313.6766992135938,170.31619481465688,-93.65651509850903,245.60936072159757,-414.13914469575127,-237.51188518264405,188.58858157029442,69.24049215856954,86.58923098332794,-3.146221629761839,-108.09505072220588,-72.25743425780786,186.69182890966687,-59.32795231003919,65.09798821006216,185.47666211503943,-49.26641057768393,-98.63554718475388,-188.57244958980576,-201.02598647482984,139.09153717782155,-501.39496795025116
-2240.1514742553572,1011.2255610046633,-1775.7259507589335,-1748.6138222714612,1109.0133608149533,-1990.01974541647,1304.044867098971,108.26691919617045,1144.4282029422047,139.79102989082273,-242.82209167097585,-380.5677430160268,-179.61506756083577,-255.800563898798,-124.32412962653194,21.874212463643232,83.02355323312635,-260.6416888367147,-168.85066973162284,-6.929124190969229,95.19790599375642,332.69947062811633,966.1417120281892,-304.4666272391782,-718.7276512568782,1612.8281588723025,-252.15744311999282,-772.8041031248689,-127.21730903622478,-579.5477590680658,127.09647070930289,223.68673577065087,242.5654482485079,-105.55093803703777,35.22073436315511,76.16878459029249
-2828.9814132347924,1213.6778029789034,-748.4313765657444,-287.0363276994412,907.9694972791789,2441.4783337168615,-1769.7628152674033,-160.82593063056456,301.7288801739511,196.2057945467576,83.5016367854733,-20.86550064053327,-26.119151196052783,-40.18070688915098,-78.51999350668552,-45.07018062569581,-28.171495665052937,-90.69746689788481,-11.42246594943313,19.43561268766485,1.9175834097330156,58.2000575361742,183.4959610483965,-0.2286629166633019,-159.59868077433316,311.97308195520367,-125.72941757868264,-124.7222211123841,-45.427541931308774,-290.4887665295297,28.828297011957826,-14.094445081552076,177.58487869691837,17.67580945378932,-2.730155450312877,209.68900843931365
-2905.5210067129515,1246.6094284301057,-907.9717350540278,-472.4477325218518,1133.8432712298136,2274.3816264602947,-1533.951317253887,-93.88907966587769,-100.0861516045223,59.466332578231004,84.30214426150273,70.78013390301412,23.79866301357239,-13.772423444279246,-43.11297257833254,-46.88848169969761,70.92651997226686,44.88639779440736,118.35010068629353,76.19708395751142,-31.19504503119237,-80.0502104910065,-172.87351007960422,42.532203192206445,160.25706275032053,-318.03099210570383,-0.8263471729949805,170.49360023615236,35.284704834713516,103.42868060719863,-26.69432342566794,-105.35287804698763,-12.438121534671819,122.0928508516366,-83.89257563152542,33.058101998943656
582.3093960213176,-700.2758951759236,-1505.595335452647,2090.2075345028875,110.60056708620554,912.6799045871877,836.3899046290942,3516.926787781641,535.2024031049808,88.29744875164069,-1467.274654045526,138.2604629955143,-111.54911064338657,186.57705632805084,-134.951579249623,-389.0823339623529,-114.30504861933508,175.73160438815654,-58.327252107944226,-208.3454354081408,-1082.6997240138141,-145.6600261693544,-73.12687327765262,-184.19687287671357,62.28699320736014,88.4673987274825,-160.534159323798,-560.5184417086555,-279.89007761844215,428.5550188645639,478.4637430035659,-154.69792496941153,81.67109582753902,775.7417011753075,-574.2940686404228,-440.72852616747923
-2015.6868217525669,488.86978698809503,-405.2600940291749,111.54363615649291,-488.6298811254114,-1111.5884888722424,25.568918453516574,306.37055449620203,631.6257432079561,260.5876582899949,908.4761250846142,991.7784291941665,360.7753178901324,1287.0299510688942,1582.5054920488756,420.9470507123492,137.14479224362293,3066.5439160845385,-232.2820067007134,-932.6079312309141,587.6930595011299,-967.7622898001358,-495.47778463551595,1976.3448536026078,314.2947888136168,668.9886109163793,-416.3493031832114,-166.99397847019284,100.46414983780869,-232.0801516872551,10.278280480870286,-358.7186198803982,139.43746298550414,-35.885569981736346,29.945044224151843,28.327565653763298
-1921.4198348778145,143.1023913428426,-183.7194653723557,343.92217606367706,-854.505586845757,-368.9467933774787,146.89383783521228,444.2198362398281,-0.9166817220856607,-329.52403092777723,-15.27989262803659,367.1398103328742,-130.21737059501825,-59.94908926339858,760.6152633167982,-310.0724025447664,581.448552431878,-575.906548173711,431.06841856051363,-33.7629684979761,40.49630161372281,2620.941224679289,381.7059272562362,1525.5841226503667,-104.69524447971493,-850.869706273383,-925.7386791573522,384.47268691988745,-1037.4037170032188,-361.86941749511607,-1085.414339896377,558.3136864561562,74.34117753785618,627.3093313225454,97.28676366966617,455.8059898347979
320.8450735039039,-396.0419756094349,-816.7012327113207,-77.4535792274596,-1152.6739923565463,560.5280292519363,676.8177774048436,-776.5158358130683,-134.71873572228972,829.0107411673647,-324.29691087138167,-152.1682472094719,250.64489187371382,-177.5932653693345,219.8938899630626,7.696003846783597,116.00355670282651,65.5086808948795,-25.566818869332497,-137.92128464274714,69.3337487776763,183.69270753098456,-317.8422804738771,-54.79762193290789,103.28642950538922,60.64619790292681,139.2527000892107,-22.45961168716755,43.457349208044704,18.580296395928755,22.938058506175917,-45.31062257405049,-3.1179990008004896,7.904533578915081,-91.54834029385586,21.350440712022227
-2012.7752886011824,759.6788384767746,-1108.1619917156916,-629.6223573982086,376.2037097316748,-1380.1897283389712,-679.743146687764,-443.53732079231304,4146.287250395756,1218.9633699848778,-181.1245445540356,-299.31106291975675,-743.8396835821698,-383.0394362765645,-409.33762678857187,-85.50097620700004,212.4193998010186,-179.09405432336106,-44.03308572707877,-280.72847324561707,25.73784612404686,-306.46240117297594,-500.2804033742667,48.05370617207905,263.34404184566046,-767.9026280771758,16.002842927418865,391.1839182448235,23.58990279012056,208.57389845261682,-9.171818845215723,-36.207550892062635,-123.56284153215917,4.805579532614446,5.1893929296524925,-95.73525294440795
-2053.187526527667,740.9588349119306,-1184.1124724228441,-616.8797603922606,498.9750826383659,-1389.5256263904998,-466.18323484619776,-394.1860437227141,4147.12491220752,1127.2821244336806,-12.369636302943517,-375.74661994448144,-669.6933943210282,-523.2302707381733,-657.6966746050763,-208.9235122124107,154.01007806856393,-462.30784768195775,-64.28170783709096,-202.15562696597797,30.257881221004258,-250.8064932011172,-450.39062645370825,-44.86161960072507,293.6743419403507,-603.273519439341,-115.81805837715534,433.6401361635587,-65.35728101737668,-58.74260894679851,30.284943695021592,-141.74279959096486,-94.77592181968836,-6.4952662032978505,70.13091328309129,-52.64896319365578
712.4773572169822,-690.2624401448995,-1159.5681383877602,693.5111642910282,-818.925393706882,1137.040502622814,1233.1553897190665,738.0848146729974,40.05759206930263,604.8565738394087,-434.1681852269008,-115.15400003377971,94.1411240742226,-218.6821824973379,-22.003373831493526,102.15949477328178,209.99124344951488,165.27779356505408,-84.74202239591013,-252.82838089738092,-145.05906628183945,-28.699558260876508,-333.26095788476107,-254.93347325240867,73.59669369795965,71.68919761080369,110.19296186211659,-90.99547582153474,-138.98174315828646,1.7277374041022409,-4.722085755787672,131.63024698542756,163.2091183931433,196.23184746145037,58.73365018254962,-50.60402309477437
3692.2904876705875,385.1813710191689,-1079.6350132432217,-1820.6522230731646,-1249.3535477190974,-68.69652152555007,-1019.0117670096765,107.40027189368627,-71.50416170810378,-416.5813650021737,-304.17952306824486,-875.1032957806796,24.66885741100358,-1095.7982662301317,488.0538724754767,281.22078180426206,549.0199194324897,372.1546028237145,-285.9169641081294,-87.41427907478563,272.61984312432236,16.16314599471418,-93.34451199277714,-115.81730694049293,-428.03275498752544,-459.29303790311434,-75.15614743381569,-133.57737539840585,395.62086867425796,110.36249865588175,361.78090532050294,222.47639883337197,232.8772611099573,-57.015939193533555,158.54121268549676,131.62465418634952
1080.7260713370356,1035.101278055564,130.62709416490216,-844.3060026624148,-1591.412173000989,260.4117016947479,366.4567629188231,-657.1012322584222,-441.5118797992463,886.001717687345,-736.3037189358889,75.4865841539079,-256.4780872665414,-168.61380336395447,-492.57527109709366,-633.5205372313444,182.3088804496461,368.5852399803005,-108.36536750734213,153.49364927056246,488.24944925133036,194.04857432411063,133.92790655253424,-25.185993137135004,234.69957009508835,125.45160456213108,-192.8033270747107,-110.08355010583149,-85.12628164556995,380.1231923260354,171.02326617855246,-112.06953864763469,-125.98308062819234,-70.58705485922876,-214.1645298015957,-308.34973455888047
3081.11315992158,-1391.719778450831,-1792.785018083175,3197.646327717624,2290.3235210879857,-266.55853634823194,-427.4448710973173,1566.3126153982103,122.82962602829205,-31.30675611282861,-1613.9884276351977,1085.4096396473835,13.00843071457214,-816.1790002274378,-658.4116049129016,685.2502759781902,153.10829585892483,852.4500554375442,-1135.182542119998,612.6394184440157,-560.898258572876,686.0346180668463,-103.26591265937586,-146.52917506580155,504.335093332317,446.0734272619103,-195.0903941151437,399.3068419676483,1.839312006444051,-242.55376101404732,-662.046222417994,-822.9294000630932,-5.618602563914798,-742.9892875041049,60.42680315335716,237.59729977084646
-2822.2395830203814,1488.8413987713009,-998.4455106537952,-688.2188910814286,1499.8579778079322,2274.856712229948,-1220.3686823660164,-160.09328976782248,-703.1437459680659,-63.92361935325387,-16.874674040932607,215.51276233682665,-127.36834037640978,44.78233691984903,1.4575028576083686,-27.165274748014024,126.12422695855942,151.6721412420709,9.560532605446298,65.25313654623028,-46.93808897121066,-201.2789945192783,-215.95586694466493,20.58315707832052,269.7214479865332,-548.2987197114571,99.5225356515309,348.21932453968924,9.990979064174363,366.5242304239662,-38.50403152912057,87.08927315654296,-148.33403375887139,119.49134777315263,-42.83393405036943,-159.5276440766122
3864.6581438918042,-787.1798177737443,-1505.0465491588127,914.248244353757,743.466144496839,1103.125409813981,807.8200626735243,1935.0046375036954,284.16923835159093,282.81464172888684,-134.538838639204,19.21329071191738,27.44992488302711,-495.5010008946134,-137.85838356792863,651.1287039625893,6.251780224086663,330.8840104086264,-418.0327038710605,-102.62775239210215,-558.4240511971807,-22.734406266223406,-116.95590015905314,-178.5136271576995,-35.059430911215046,-129.48381300286937,-132.8667845281568,-166.11477268755115,187.13219018692422,-220.7564553935744,-568.597431622937,144.06481269837968,307.176746072657,333.1641636899076,216.61405874293078,-6.704315908491625
1856.4846904475403,-70.55859068879101,-753.0976123081809,404.0772618152887,-458.6898627502797,1363.5940030565166,1539.702360236015,1082.2910881988646,281.8210552678504,1301.745233129027,-407.7524487387869,425.97688072551415,120.19407534845186,-553.5175754317029,-208.52866486437688,153.60515656349597,-68.81971598309185,241.73654194312434,91.40041230367721,29.849575553189876,-77.95089877280206,67.727449345877,-550.4349505051111,-218.37265880065087,418.9990604966454,71.51741041581971,270.6860924675456,-215.42635312712497,-44.19877371431563,-226.28431838264603,-241.02891246908177,353.68060037599304,272.4488403389435,294.93367892403734,-176.21133182092373,-158.70978049586668
2283.2756262983094,1413.2783121594139,186.84004743442887,-1688.0133413228712,-932.6611735710259,-774.0021102556058,-1362.396807436868,678.2712584472115,-349.41401477551153,-352.5026465871442,-0.807238249214185,43.68106895216776,-509.14763354212755,-198.21071652743535,-17.159401651149977,-464.705315153099,-257.5751257543121,356.1009895832162,177.47944218818577,-134.64940616734415,-121.14977972883057,123.82899105453733,113.39216489140289,-188.13971178084734,193.1652319746267,72.44812019694116,-219.37202430280544,19.086953792028368,-358.6457798317304,223.8798499630989,-253.03755186961624,-327.03108067637146,-236.14590734021007,235.49446947482252,31.21958659882101,-301.92261285912264
2323.233144722336,750.4856526389902,-288.38550996852933,-1307.481363147608,-647.3923195704494,-476.2697235044751,-1052.246987641522,517.8284982045235,-41.769036434151644,-178.32468872821724,522.9266803075358,36.12095638702687,19.34772230809791,-286.05625551496195,177.6913291017656,57.54933571582239,-239.08714322917453,-108.47219563783344,-2.2476346362821573,60.32281346714079,-295.68741640949014,31.341500182639653,-366.52932618035544,150.84127590994794,127.9543953108653,-100.83938360295195,30.892563301064744,-229.92253486035446,76.02276902987825,33.4457097668597,-85.12228021060258,179.80029043009296,117.67293308287692,242.89405765026967,-171.89862041695187,-19.23894014211422
-1017.1875116452705,95.79232349654555,-230.08388326687998,-550.5454960636554,-1434.466643032989,-457.96000712500637,-858.1759755142597,502.29094699244627,-177.3215453793972,-433.9946739947462,5.588502053567063,-25.46200547870682,88.21745202115422,-560.8967896560123,839.5491015506502,-254.33687103313306,-746.4310709497485,-344.7061783045158,11.447573523236112,-49.832246785123196,-545.1291011846519,74.93702701427533,-551.6232704917065,-3.548154863025478,878.4776961382646,429.7380681956615,408.1476492117186,-108.2740156975144,-662.1222146231404,-239.01218204668947,294.63764924471576,160.02541431352907,-113.84678614548464,-280.7865866916692,181.6926395911873,-182.0587846236428
-2341.780613770797,1252.5472282049584,-2328.3485464221535,-2218.5043575144855,2172.916610587137,-1265.0776645791623,2172.5161615960224,-14.370254212952803,-1139.7640443247126,-327.72956026129384,-258.55426116796053,-39.371356358209965,148.63543540527655,-63.02614630526668,-86.08930240137134,48.142337064541465,93.6327238619363,-89.38407100048195,8.29854427854837,-8.063947940166084,-27.900890305485568,-132.63308309862953,-346.38229516425054,-70.11970275627891,232.33700343846445,-432.42821242007716,-7.546404665802223,220.80152288967864,-3.2810549188434757,80.16160917612613,86.79567993802577,-91.04426825226162,41.47130013391109,32.39850471762177,58.99896312018037,45.188510620215595
-2638.311598038687,1396.2619629622259,-2019.6306235189174,-2094.2222066034315,2174.4666001910223,-1118.4465987415347,1732.586541660669,322.7892311787191,-1279.6407301156673,-534.1747678137674,-90.13123733285711,158.931006584738,97.9654042764399,-58.71728790455157,-72.22286718087489,-9.21323065163776,-20.39016027746556,-123.78759948161202,32.792603319489615,55.30133763831604,-9.62770352363825,-202.83786942797636,-466.2070671480193,22.751751106216396,361.13032000396385,-707.1759264588447,38.4057012808997,343.1339942578029,44.24237967885451,153.6314883101396,10.776532254542799,-91.75272271377698,1.3282043633288525,36.09028625294398,-13.64680167948034,7.654083515912075
-2514.6821132908703,1353.7590468880226,-1994.3632598207032,-2208.4865895888197,1833.3495399457024,-1341.8876878444994,1785.5425909352023,271.55502321631366,-1018.6403809616829,-298.2754349414992,-283.6378754437744,129.0888623542662,15.17100974076707,4.30377562302324,44.93175427493072,61.77311982109702,44.37130988101309,26.739304674021405,-55.548818748431266,43.37813368761069,34.02031621337254,3.5129788307635277,76.5673208407521,-40.33417406917191,-105.11764390070864,157.5948186160216,77.8197693173191,-141.60806160398946,26.913975100816614,15.165521904084933,3.7396079245297473,91.3491510400113,-86.66443531779059,-51.65203794207634,-108.79023970939588,18.70638455159376
-2707.5862831640275,1410.3289355140694,-1889.6825163896472,-1971.8013191292102,2074.6617538113237,-826.6434479928649,1490.4895574268114,347.5654456042528,-1418.4158191974886,-531.9750287976317,-97.86524300849024,224.06874011239722,131.26707148692464,-40.014009661671494,-48.06424301415686,-21.96817176596738,-26.421583185248096,-44.310415526066365,74.54566071230008,66.73292388159778,-15.268733312611811,-237.37442552344703,-530.0793037001565,73.66957378276096,401.02738556676786,-869.5249551536575,92.48441638671184,416.4219896252713,95.22404946961575,248.71331417663583,-5.986065855003764,-101.27438676505753,-66.02857170349507,30.052021756592218,-55.980298521782856,-34.798979376558584
-2075.7378988374326,-154.94279888323786,-32.74650529375812,357.61892959157706,-962.8617920181458,-268.91038153025573,-42.45767309734746,352.432276338421,-38.9510152747467,255.91827528266398,260.6975646546184,325.89184070443304,129.92917565267194,354.49137044915767,345.19151561541025,54.55902129953528,-385.6349423373003,-165.0911570406043,416.3743205773955,93.13107771970066,-652.1284154261635,368.0872080112886,192.33707512917243,-460.2839456897628,-251.937078210147,-223.79243827767974,800.2624180112052,1.090982295419654,-84.75575766005173,1193.7564975170546,-477.93065928696495,-75.21031622484387,723.1043975079309,-951.6650196092121,271.40689893708014,624.0645000996716
-701.0091456805751,303.04278368649125,505.21445551133473,806.4905287160957,-394.79037274641234,253.21324675052264,528.94730705758,1115.535106749296,34.12461140292174,665.4584202012911,163.668296571333,1161.552278680302,-63.964761283087704,-2026.8679184986006,836.4194700190213,2914.675637971904,-917.9157381696697,-840.4662311896868,1739.3671813695876,506.3540305199186,1785.3431194991083,-563.0112676743246,448.21086007209806,166.22392720007275,-400.0820984714733,-4.9337436925132065,65.76151379655022,155.25610949214465,-631.6461939580896,166.61158167334392,182.29076432159414,-726.5965676622823,-268.08826672195937,57.8924584985351,126.3670648006586,-226.41730931262404
-256.30780773870964,684.945664875407,1028.0550520334286,-269.02435528308746,-844.6421403277866,-102.93478852626582,-5.5867172280035815,526.6374164152671,-252.9743846964696,-321.630071959561,400.04412547097917,769.2935720394013,-508.88310399711895,-0.6002360564522269,-1349.9589532240193,600.567113590535,487.039653756665,-422.98175588184506,-417.83429308049705,-139.85035682890037,-254.1930778851327,-283.4836113659825,24.737672577032505,691.8200361781811,-194.6648584691041,104.16118137678262,101.70504807639371,-147.11173152321513,150.8970780436571,335.93546478643725,180.38167668742568,191.93637237186485,206.38168465233284,-46.69941900627424,209.80263888895814,-178.88980446836752
52.631197182147126,854.613354769455,485.2046875696408,-206.6743346020711,-846.8184280976842,-277.8717170119982,-323.8125417737876,597.4092402760518,-296.6787016316472,-96.49403580764783,569.904704611637,495.20949093532494,-237.95627837476866,350.58889075417926,-1433.960072222419,925.6283409203978,219.91310728625788,-534.7261067409815,-376.3833362209413,54.329358801655616,-225.70415740061696,-215.89637155835206,-213.74026421776244,620.092309993077,-50.37723573429156,88.19491446684698,-238.02030280199077,-355.6174222151918,5.239018790007078,342.26182088502526,-21.789400125468063,298.1996909707986,7.453869343183535,-243.64489386349166,56.74427135203225,-7.739695273666261
1155.359845423481,1663.8588220204344,1156.7941772926638,-274.20470286602153,-681.9528509249099,-11.258828020241285,56.4148888599125,483.76140369172657,-401.4072948175156,-25.625322688494506,630.8441397530878,587.6290796315791,-799.1152266223557,-73.25128221474448,-1367.6035353111456,464.19129432937314,-130.74654083189446,-369.61284533902267,-320.86714623038307,-290.7539243290363,-215.4341834592057,-361.5653584085205,-84.67498887295069,710.345632774203,-283.34260711301323,-13.96674878232952,6.557290902297868,-483.59517883804267,67.69534961967872,404.0691366920562,-19.13194533258208,388.34629794856164,243.50533179864306,164.46086261277998,-148.3687288837454,-64.28813576977362
382.3324661882645,2196.2358601191545,1794.7901137115953,961.4326860880882,298.96686476307417,-107.31647175004386,359.1559517087204,-187.85906613406587,-57.31757862730364,-84.34291969315886,-398.28189807437707,-228.11457747454276,-175.53767447357683,400.2593929656041,160.29635371060735,148.3132465964714,-1174.5799818563241,-423.7965782366369,-784.3819981311827,-1078.644143636493,231.08801920265626,245.6260159972226,69.1439399077993,46.65277085575673,-339.6382417189528,-78.28818758682749,223.89954934675683,496.01416082640895,25.37242920126496,-144.54877278379882,54.144511952978604,-142.41804000619996,190.96198528288815,158.23226646526726,-164.45029995084394,255.7787520093514
3105.9874513335017,3442.8588500837473,2733.6877324074358,1173.0179657068566,1362.0530990337704,170.73134509584582,1146.5798323941892,-583.039517899456,-101.87649607682769,874.0587249129736,-601.9036206100776,412.15362255542533,-778.7576720821849,430.3223428277637,211.33836211361768,-334.29286776843355,-1592.9583795742844,76.77054621342836,-472.68136424455594,86.95836301407103,11.226911101359427,-345.82268639337394,706.0636816667036,-51.67647309947169,267.7155724989996,-318.8556890192131,-851.3529290049202,703.3518099021088,-149.9644032530726,-545.4981118569264,422.75403325451254,703.9993262461717,557.3904943208848,-369.95381032801845,780.8247098592466,-253.8111204557432
-236.57843151237134,-1976.076477631275,-36.5803486408506,-127.58706617884344,-457.97362494346794,640.9802301433812,717.0780892921965,-998.0309022526703,-128.88846342525167,-72.93168720468834,-230.0934311759254,-791.615259232827,57.11661633591613,149.83418083478713,82.32984676392446,194.91003072019225,214.0457244072523,306.2947296874703,128.4721865292664,-323.78742636399016,-223.98541913211858,-152.84008762532903,-632.6797454905784,-464.94347841381494,-650.8510032095477,37.20722961719965,-702.1819208394038,309.40953306082747,-633.6898802310986,263.96996296358776,141.13819603588738,-336.67312825705267,562.5292565171808,-133.21169692150679,339.02069037523233,254.10367017935337
-1805.7367561292633,-1490.6798242724626,1377.697356236489,-628.7231747609497,-304.1730709700417,202.4191653472288,191.68011425995343,73.03827053122393,520.3986045484465,-1018.7374251825652,-362.1394348364666,1097.9667309201184,419.99324296158926,-0.1753330537733953,125.02897742591911,-246.2650284428493,-82.21139183856089,-294.8342516080188,190.58030163655695,-400.40804691375325,-139.94525392076943,-251.81425773492413,192.9766725317711,-161.4664309056899,87.14592614538014,-28.95924974974511,-177.44742135006555,-210.5503273687458,115.13056362279629,57.86193886234237,-123.67773998361127,-138.43477712080465,18.434022325343456,106.78451241312676,-136.33858973927107,494.7609547430845
-1505.913571008558,414.7501092638214,193.25548398881747,-205.02614389411707,-1766.3598386889328,-306.8824975686346,-431.5343758374808,672.9458219067296,-366.6901311042559,-489.4887196998371,289.28313938520256,117.18492770785504,-258.7421020372256,267.4874261136851,-1401.5517230828466,766.2333985919236,553.1588974591632,-323.60107289669406,-461.71474669868314,-5.058498532644497,10.220872508901955,-255.08351346908782,-203.16784223343257,270.9630991097043,-59.361384274606294,1.652090119116487,-357.7322208629105,-236.1623613902991,-59.830002097210915,181.57585839148322,-70.41425127860768,43.38569211329917,85.42766088929854,-385.4185050110495,135.88684032896649,65.59767226890764
-971.8135755066397,322.4563994276456,-100.96031796238087,-429.4073615956981,-1968.6194716329203,-519.1508844711573,-723.4334222230815,789.0510073388816,-220.94463799815273,-585.778052710345,565.7529837534736,206.58030190920175,84.11286871130031,1594.2993213775235,-853.5327753748589,1441.1280253181922,758.1183616123627,515.1640934538948,-446.8572912866276,493.6386327487513,300.6893315168556,171.58159379918914,352.3500292730201,-1202.9287145756414,389.6466505045799,-598.486115081956,-326.84631543203426,424.12851767614245,-96.53024754617772,-1153.3828334341888,631.762535606238,85.63742803721527,-204.6516518912642,249.04156581742993,-148.6605868505506,100.17423759482759
-1804.7937180182798,-116.51703412677008,-298.9898550323071,404.1250886347187,-1275.6814992777274,-214.44106032896568,-5.060359336453038,189.12261383232945,-3.751175063942893,85.85544677769853,394.59952219141934,423.36997446126446,131.2759628237704,991.0165721054286,300.0834909172599,705.8513050881036,101.28073523385423,518.9672324136326,10.011812253767364,222.59676093707205,-18.76145460541604,487.060016396795,272.9945397661537,-1153.2636250420783,363.65228627737014,-387.9820589695626,-64.39311950366466,428.89481045088263,-21.983156432259126,-905.6088856330911,765.9458282423316,65.30673322355159,-345.98639948418884,707.2197815598602,-500.8024640304447,113.15691437993914
-1685.503744084078,-419.5360849203248,-583.535186213565,1145.3324501591078,-691.2733312487975,-696.8732120980962,-513.9989181729021,-467.74845976640046,-514.0780583723571,-30.13108910291144,-438.59503754779115,380.79743389215315,-309.03249622945344,-152.54236700279026,-86.2444090430949,-243.0162387626228,-150.24992954608135,-231.4443148384664,646.3749739187219,-435.22926105303037,-121.19692796052244,-461.76058787107144,185.04324076333953,-21.463614074181507,-49.61596503918646,-250.5398470726136,115.24327600541444,-459.62827543120954,402.8123585074834,-591.2670183036519,-320.19095023840373,318.01258329180087,228.7352137360956,36.31229727841091,-577.0001721077164,-237.23744248547544
3120.2157905051336,-1621.9435646960226,-982.8415256924269,721.932143353361,1469.6502808931002,274.0438292596839,303.81550501737144,-853.2814989702193,449.9703132126938,-331.67806431258344,1169.642664282196,13.389695677510439,203.2412654190167,422.68843035900414,-79.07662040910404,402.893259184979,-209.76373139390472,-313.8924713009287,-380.05127647732064,499.89626835285264,-43.74170705190561,245.55724718932132,286.6047185855445,159.97465795089616,486.798150536427,305.62958869567217,-66.43627342468666,183.70617148003097,-289.0921066558462,321.6739147988323,388.2949892432234,-54.517966173418614,-426.95893502582436,352.8832273461915,-29.029236543771358,-1.6896848687769175
2192.9755428325616,3000.4773951808297,2403.6172155106296,1352.8112027406407,1520.9023864084597,156.96300351376308,785.2204523809604,-170.46917832916316,8.987127946925275,157.64459041814058,35.16937824274386,142.16500708614115,-577.5507664783368,-248.90040496261165,496.3039686284677,87.30393501008103,-636.2542065462409,266.1686386097729,133.27579177934268,-92.2681735625786,32.138501184473505,-4.464058882296376,218.54386986654953,-449.7980226507676,324.1603596492809,-137.72094425639142,-536.9545257290978,138.64653375468393,-82.98875812860776,-106.55458349528872,283.8813469629082,769.0711956279687,439.61708765822124,-144.0341250447217,381.60815704272636,267.8014718692819
-1290.7017406563443,-2621.504399747971,1564.3819675845402,-26.556172247017066,795.8050872536234,-239.9647031258144,-164.350428336839,420.32208052613896,-402.76181452394496,556.9166261005398,-48.79008604349629,-1157.3806542734574,-709.9378131362774,58.58728911249992,-174.66720167838537,195.30845484511005,-328.2874686403395,407.9400573419037,63.33999309996947,373.4685322235771,43.949668365555766,210.10973146296328,-259.426172811213,174.25213183917435,-185.8565148328344,43.106295001491496,-4.273864111882507,83.64579367543666,-24.974048645895724,-23.112213221749613,9.888896650526458,178.77727279897462,-121.46734885692803,-138.89958770395035,-217.56266537913967,-180.6198693093041
-2150.6915265875678,-47.38009978060458,-105.81953725921956,485.4937200298421,-1106.4147864695062,-287.8390745200927,-117.24635903205515,369.2626514305629,-69.93138768252174,10.542307734674672,251.27720880541506,502.5087103922704,59.05207349295521,142.40271504536187,382.7529277223584,-41.16526608359032,-495.2080608416419,-543.5721753097797,341.20502928264165,-33.61829069581246,-157.05459206478898,506.85710911954396,-679.0836013394446,-385.2234435434156,71.49396056274055,792.3401841126588,-988.8443364051266,604.5085362993566,1769.7891558036386,391.0812319996278,-141.87425316084904,182.0277566301849,-461.67356376505916,38.78354268248421,327.5538895991255,-126.44042106535056
957.0874814548894,-709.15382409297,-1131.0341802024427,577.5925299812608,-202.8456854503633,161.97853289312647,108.16030810770438,-947.3513157017042,-224.42170238116424,226.51284077260718,84.03126965136427,-359.61830105291733,267.51107394705554,337.49346029349925,116.94069459003167,408.3704415581096,37.510925555328654,-268.1666753673267,159.25872970145852,-234.9314920777929,-467.05352853634906,-114.64685794578574,-168.90476405085414,80.11064916657858,4.783139508105245,83.06945138120436,-58.594683472247006,92.80432858579714,-105.86047523618048,-3.0311323653427586,-34.2233920797325,-33.28722203989188,62.69741639380741,28.89690937254102,50.9342593766579,49.06291697107429
-2148.6821745779484,-54.91749312961818,-133.14927487012798,509.663188384155,-1104.1175239698584,-299.6747030486577,-129.60785369158017,344.9221380936719,-91.7665163159244,17.96022730251145,230.52438867411013,477.92609557750274,35.74906956882634,114.13126043405246,362.2833978743906,-55.13211572726157,-490.22806834075004,-530.5973936621727,354.26601569901135,-46.40944393100084,-147.3276767091958,461.80484899542927,-657.3493938141539,-360.910658842008,52.77589026306012,758.887660616096,-932.2404499160807,558.691397249635,1725.201853835465,363.14190936516906,-149.52261689990425,190.81298857647408,-417.6773922805013,41.88880084030359,297.5223502906508,-152.84841953440647
-1333.629050178883,-1545.7204221221514,1388.5479925611412,-715.7353123594797,-283.3067861834436,406.01776226632495,494.9335661469135,-192.1703520676703,414.9650384959477,-573.3813353309996,-344.2076001045609,1276.7244398751552,405.4586487926411,44.13483948937157,-36.123408239478636,-299.07975790388207,15.132333009273792,-375.6776292424371,184.48634212466933,-382.4182158279926,-360.68876572862007,-260.7851225440791,256.8534205223131,-92.28850708584527,132.38179430135068,26.09559584008782,72.61110768280837,-169.27899435125542,76.45688154626158,-37.293265323879844,58.56205788225079,-326.582055275993,-106.5123171190925,234.2672517178006,261.20698527387407,423.6109115935734
-1612.1913098206005,-2210.4624956431503,1405.0512694109902,-578.5408271242214,-4.700724806066437,313.6449930618118,381.8676646980974,-117.47111344369338,208.11291338487374,-371.80612526245966,-270.50012126310844,48.84128362544806,46.00053299321059,230.90625524642368,-66.03312877987041,-76.9301079909248,-332.4945282894085,107.26339249420072,276.5382466364283,-51.62642747091109,-127.24798216196066,-104.63396861269487,-334.8959168718244,-168.6084568790138,-387.9353124190122,49.09400453043637,-242.5431611534491,-41.840968571367654,-322.4527761620694,69.04841951801232,-69.09468631451954,42.70563392907454,-169.6449412684609,32.621369118757926,-173.450771492579,62.020936098596586
4008.2072260280734,712.2738606190691,-618.5404668605294,-2121.1105490047003,-794.5579016594811,-361.2380477938956,-1127.7248066326022,-589.6747596303815,-640.0115841517626,940.8336172858318,-1773.0070440967504,-528.4141692348231,239.85982749535398,-336.28255078223594,157.38463734449044,447.010477201075,245.21531444511712,260.8241617246656,-136.5712169378624,-56.23485865703204,-6.952488682415282,294.4040785896182,328.7773289060269,79.56232473867698,-459.9815926314507,242.56063953104686,-104.56045603833753,519.6498923384955,197.29894475041564,94.36431580144831,-452.6504414913169,-405.53761351444393,-753.1596884576463,160.1994150188473,13.899284460124269,45.539687434818354
187.30545408542966,-816.9276335471567,-1183.3955760530912,1838.4324106702638,391.170410641371,-891.5058262006,-799.0414404150649,-1053.3414752361996,-334.80203359220644,-347.2204992954892,-489.02605900391916,203.2852043171606,-387.1230566038401,-8.405605834359527,-273.8121861345592,69.84037291468402,-95.78179699167629,-89.86176456162123,288.5248788315538,-94.93904709345193,-228.8204157215805,-258.1390289952961,294.982674345653,257.45281873056973,169.76458611887483,2.4327833469383338,-18.446895702995167,92.44728651512196,6.512399829621049,-183.80006418356717,-46.34087015736291,92.46233613771538,-195.55084683928334,-165.2210279157275,-172.60360032793275,103.64131759181461
213.05840357163422,940.5253386904859,274.2320194502504,-475.442252161091,-1282.4167337249219,169.05640218973033,521.4734014018644,-813.9423807108557,-358.2436978722809,1236.5103073046246,-973.6315559241416,213.20472823338292,-91.1539333232206,123.83702199710761,-213.630852458059,-598.3319866443088,-108.0673696788385,65.75528250223985,-139.08054755044057,559.3236168856419,393.99130743331364,123.59790835167816,322.4333935471361,94.85178105637286,227.37885180464957,142.0321260754843,-98.92013626278242,-143.90193294411017,-17.302514045826438,284.23155679452935,116.55727991317313,23.786470545351794,-112.69042972115035,-106.28829986603186,-362.98441070626984,-310.3146538690158
-1707.469604495308,880.6316925804925,710.3092875616094,826.1129156541914,-1163.83305372063,-194.06581697963887,507.51297943802393,-155.42857914097596,147.1643149391243,7.338801507642017,-174.91517301381393,-77.35495977408097,-56.068877789263745,204.9702083783361,573.316243389631,-164.16515651060564,-365.9478738186598,-338.5453967521182,-1304.6750679502652,1395.142658764878,-117.04277611705947,-854.3576468698053,146.49470418388879,150.27040849902258,-374.7289329270844,-479.697614612184,-130.68253458521818,-329.2815136132929,-0.7530811664457818,73.31366321368382,-490.16344745217464,-180.58093534585933,56.759917677898635,228.09229800395988,71.23341043542577,248.21151122783766
-1980.5637134979772,220.62262618214663,18.532991593420135,433.8202087546043,-1118.55523017991,-406.61577810970493,8.23684305801951,225.8091405264508,253.61499847163864,162.28748007953556,267.45238751931737,457.82905246697857,-139.5147788803731,550.08566202982,616.9496799213633,102.18651680170679,-284.3110137283261,575.4063831935746,-196.39596315688703,212.286772847344,-140.81002130347113,-21.748458382787586,343.0884902659828,-179.0068057891836,-119.46626800136805,-192.4678893308567,350.0055683223794,99.35009676215724,-56.72035217892195,323.71898180133275,-439.476854318083,114.52032786920749,25.3902604717767,33.071855688268116,237.2643755027754,-2.907582759587697
1012.982425670394,-2795.946568428702,1612.1143326346532,-758.0470896717841,1458.3240854037415,49.105107525374684,-63.911968119909744,-113.27430173418696,-0.5918233809604485,-29.213715475812002,293.0279162397483,-757.1690987205155,-70.55221761647039,917.1464505363379,-341.92718399517196,336.1011821712268,-233.43130303816037,-19.310932434416387,406.4802342491096,242.39324973916274,-259.48010550873937,-195.4912997457029,-336.7574144136733,-60.33071833716229,-159.9087208167736,213.52923551205348,-127.30024582026134,193.48441471630156,-519.5624730895622,-75.85787810023206,-359.7331786618376,34.907665116735906,-133.97898410357138,51.30353222488366,180.54391708975604,-262.4625755314743
-1543.6175803074877,367.06512288367645,-351.4183980022985,-458.429744408969,-882.2235019961456,-918.2747685134613,-330.5365033717471,145.80943617471405,682.7835476570273,704.4296131987555,83.58684052823776,599.8200479526578,-2.1431589781568827,1389.0086605805159,670.0115979305796,704.1873508443605,-93.80494749237727,1281.9017745262056,123.12069624907443,250.42565019422545,-514.1379683453792,603.2454292051384,1280.712506962775,-1036.978579552682,-432.553805824209,-438.6572266747161,1244.4777847398573,-51.18872189523544,-6.739914983559815,1075.1720192496423,-411.6160958113317,503.5344328182608,-67.98655006556918,-285.3694641785149,300.4005540297154,-289.7911842804871
5555.991817191166,1655.0641690284288,496.72027368930435,-2108.519900680535,1401.5076872903362,-1214.8125803287485,-2059.431695887303,-254.72074978843645,1.804031716159794,1870.5276630182577,-807.7095037226634,470.4280722012975,1345.2543613347138,2529.525881111583,115.7551914702976,668.0992573528702,-527.8215290564796,-1150.5265064946352,1319.2095433998245,523.4604852235277,-794.2893372505982,183.0889663019804,-544.7495921208179,593.0637508224639,-168.5432626446719,-73.62154889365507,-121.65837602129461,-383.17153368910056,181.3686268048551,-141.01643791147092,378.6817023119995,-488.28988046229387,751.4915602671625,-49.048743604872705,-577.8100888428186,118.5301621834623
408.8586909876387,-969.7870997102825,-1245.426278371275,1238.1374128597158,7.599966695768178,-194.3687830781348,-54.53247072734524,-1097.6470363545009,-214.04811356376592,-396.1357086816192,-30.781140745365878,-514.9807557492418,-252.8211246917004,212.07213576061474,-31.079983890781897,322.0461987918614,-61.98027349768318,-9.067084171705716,237.79999336206157,-236.03956017274183,-431.86608605285875,-306.59588730741154,201.32152963743945,10.686664891309851,270.51072537266464,205.07234951769615,-258.47400779028686,330.4028761317247,-236.91576446763153,256.2607104372704,-189.02862577626024,-19.96827929919667,-1.639971310456337,34.08206127606369,53.87337899886718,19.753342936982424
